{
    "areas": [
        -0.5014227784423879,
        -0.5009909043840468,
        -0.5048795060641562,
        -0.49670647413221247,
        -0.5085968838545984,
        -0.4966521866659308,
        -0.500778772649497,
        -0.49862197356029214,
        -0.4955073290143108,
        -0.4924842720626741,
        -0.4898022911144715,
        -0.5064820333093492,
        -0.5134359568091853,
        -0.5144961235180334,
        -0.48242318011626306,
        -0.4954635654698938,
        -0.5017759567526461,
        -0.5012142463833533,
        -0.49680049003628457,
        -0.5017271315369385,
        -0.49479476120398425,
        -0.49837426519383765
    ],
    "temps": [
        1e-09,
        1e-09,
        1e-09,
        1e-09,
        1e-09,
        1e-09,
        1e-09,
        1e-09,
        1e-09,
        1e-09,
        1e-09,
        1e-09,
        1e-09,
        1e-09,
        1e-09,
        1e-09,
        1e-09,
        1e-09,
        1e-09,
        1e-09,
        1e-09,
        1e-09
    ],
    "species": "Proton",
    "field": 5.003,
    "num": 22,
    "te_pol": 1.0,
    "te_pol_std": 0.0,
    "cc": -2.0016009693381225,
    "cc_std": 0.028514125258878305,
    "temp": 9.999999999999999e-10,
    "temp_std": 2.0679515313825692e-25,
    "area": -0.4997014128306522,
    "area_std": 0.007115200869869844
}