{
    "areas": [
        -0.5094130368517764,
        -0.4965831958124831,
        -0.4377026167167515,
        -0.5434055362993948,
        -0.37399604549669374,
        -0.529355986362118,
        -0.5171423605114842,
        -0.4478170758083131,
        -0.5984433397236635,
        -0.43580699115134935
    ],
    "temps": [
        1e-09,
        1e-09,
        1e-09,
        1e-09,
        1e-09,
        1e-09,
        1e-09,
        1e-09,
        1e-09,
        1e-09
    ],
    "species": "Proton",
    "field": 5.003,
    "num": 10,
    "te_pol": 1.0,
    "te_pol_std": 0.0,
    "cc": -2.079697417478037,
    "cc_std": 0.2765258324278465,
    "temp": 1.0000000000000003e-09,
    "temp_std": 2.0679515313825692e-25,
    "area": -0.4889666184734027,
    "area_std": 0.061818647176842156
}