{
    "areas": [
        -0.47287398107631806,
        -0.5562346552108579,
        -0.5630855937114378,
        -0.42839294048654497,
        -0.47129156603042643,
        -0.44705022550327644,
        -0.5491314200108133,
        -0.5824936034613437,
        -0.5701967337285545,
        -0.601639633199476
    ],
    "temps": [
        1e-09,
        1e-09,
        1e-09,
        1e-09,
        1e-09,
        1e-09,
        1e-09,
        1e-09,
        1e-09,
        1e-09
    ],
    "species": "Proton",
    "field": 5.003,
    "num": 10,
    "te_pol": 1.0,
    "te_pol_std": 0.0,
    "cc": -1.9335198999472514,
    "cc_std": 0.23017513977589524,
    "temp": 1.0000000000000003e-09,
    "temp_std": 2.0679515313825692e-25,
    "area": -0.5242390352419048,
    "area_std": 0.05935937370666426
}