{
    "areas": [
        -0.43313176007961407,
        -0.45209794732028885,
        -0.4151242895981948,
        -0.43982909294046846,
        -0.5618121073323135,
        -0.6131579909274898,
        -0.43598182995742985,
        -0.5836378798255859,
        -0.6487362732106106,
        -0.6088201205883685,
        -0.48234261513474386,
        -0.48175557344513686,
        -0.47991823188746907,
        -0.4309583854703958,
        -0.6354329202116722,
        -0.6182625564349946,
        -0.49748052407720467,
        -0.49646959277401725,
        -0.4613705396584693
    ],
    "temps": [
        1e-09,
        1e-09,
        1e-09,
        1e-09,
        1e-09,
        1e-09,
        1e-09,
        1e-09,
        1e-09,
        1e-09,
        1e-09,
        1e-09,
        1e-09,
        1e-09,
        1e-09,
        1e-09,
        1e-09,
        1e-09,
        1e-09
    ],
    "species": "Proton",
    "field": 5.003,
    "num": 19,
    "te_pol": 1.0,
    "te_pol_std": 0.0,
    "cc": -1.9863752966715942,
    "cc_std": 0.28534893220982527,
    "temp": 9.999999999999999e-10,
    "temp_std": 2.0679515313825692e-25,
    "area": -0.5145431700460247,
    "area_std": 0.07776788190476967
}